{
  "Total" : {
    "transaction" : "Total",
    "sampleCount" : 61,
    "errorCount" : 0,
    "errorPct" : 0.0,
    "meanResTime" : 1521.245901639344,
    "medianResTime" : 1484.0,
    "minResTime" : 1351.0,
    "maxResTime" : 1791.0,
    "pct1ResTime" : 1683.2,
    "pct2ResTime" : 1768.6999999999998,
    "pct3ResTime" : 1791.0,
    "throughput" : 0.20773241340793538,
    "receivedKBytesPerSec" : 1.2404548978024634,
    "sentKBytesPerSec" : 0.11096643567787173
  },
  "ffmpeg-0 (Split Audio/Video)" : {
    "transaction" : "ffmpeg-0 (Split Audio/Video)",
    "sampleCount" : 61,
    "errorCount" : 0,
    "errorPct" : 0.0,
    "meanResTime" : 1521.245901639344,
    "medianResTime" : 1484.0,
    "minResTime" : 1351.0,
    "maxResTime" : 1791.0,
    "pct1ResTime" : 1683.2,
    "pct2ResTime" : 1768.6999999999998,
    "pct3ResTime" : 1791.0,
    "throughput" : 0.20773241340793538,
    "receivedKBytesPerSec" : 1.2404548978024634,
    "sentKBytesPerSec" : 0.11096643567787173
  }
}