Type,Name,Request Count,Failure Count,Median Response Time,Average Response Time,Min Response Time,Max Response Time,Average Content Size,Requests/s,Failures/s,50%,66%,75%,80%,90%,95%,98%,99%,99.9%,99.99%,100%
POST,ffmpeg-0 (Split Audio/Video),139,0,1500,1631.6532366258762,1333.2125390006695,3480.8456669998122,5830.143884892086,0.46538305062611396,0.0,1500,1600,1600,1700,1900,2600,3400,3400,3500,3500,3500
,Aggregated,139,0,1500,1631.6532366258762,1333.2125390006695,3480.8456669998122,5830.143884892086,0.46538305062611396,0.0,1500,1600,1600,1700,1900,2600,3400,3400,3500,3500,3500
