{
  "Total" : {
    "transaction" : "Total",
    "sampleCount" : 202,
    "errorCount" : 0,
    "errorPct" : 0.0,
    "meanResTime" : 2028.8267326732675,
    "medianResTime" : 1761.0,
    "minResTime" : 1410.0,
    "maxResTime" : 4226.0,
    "pct1ResTime" : 3172.900000000001,
    "pct2ResTime" : 3803.249999999999,
    "pct3ResTime" : 4198.76,
    "throughput" : 0.6849175725436211,
    "receivedKBytesPerSec" : 4.0890918134972845,
    "sentKBytesPerSec" : 0.36586905486461013
  },
  "ffmpeg-0 (Split Audio/Video)" : {
    "transaction" : "ffmpeg-0 (Split Audio/Video)",
    "sampleCount" : 202,
    "errorCount" : 0,
    "errorPct" : 0.0,
    "meanResTime" : 2028.8267326732675,
    "medianResTime" : 1761.0,
    "minResTime" : 1410.0,
    "maxResTime" : 4226.0,
    "pct1ResTime" : 3172.900000000001,
    "pct2ResTime" : 3803.249999999999,
    "pct3ResTime" : 4198.76,
    "throughput" : 0.6849175725436211,
    "receivedKBytesPerSec" : 4.0890918134972845,
    "sentKBytesPerSec" : 0.36586905486461013
  }
}