Type,Name,Request Count,Failure Count,Median Response Time,Average Response Time,Min Response Time,Max Response Time,Average Content Size,Requests/s,Failures/s,50%,66%,75%,80%,90%,95%,98%,99%,99.9%,99.99%,100%
POST,ffmpeg-0 (Split Audio/Video),75,0,1500,1493.6922132532834,1370.8134220005377,1880.7235169997512,5830.573333333334,0.2527786297093462,0.0,1500,1500,1500,1500,1700,1800,1800,1900,1900,1900,1900
,Aggregated,75,0,1500,1493.6922132532834,1370.8134220005377,1880.7235169997512,5830.573333333334,0.2527786297093462,0.0,1500,1500,1500,1500,1700,1800,1800,1900,1900,1900,1900
