Type,Name,Request Count,Failure Count,Median Response Time,Average Response Time,Min Response Time,Max Response Time,Average Content Size,Requests/s,Failures/s,50%,66%,75%,80%,90%,95%,98%,99%,99.9%,99.99%,100%
POST,ffmpeg-0 (Split Audio/Video),211,0,1800,2280.4454768388773,1340.7617799994114,8309.557575000326,5829.208530805688,0.7081802909170726,0.0,1800,2200,2500,2600,3100,6400,8000,8100,8300,8300,8300
,Aggregated,211,0,1800,2280.4454768388773,1340.7617799994114,8309.557575000326,5829.208530805688,0.7081802909170726,0.0,1800,2200,2500,2600,3100,6400,8000,8100,8300,8300,8300
