{
  "Total" : {
    "transaction" : "Total",
    "sampleCount" : 127,
    "errorCount" : 0,
    "errorPct" : 0.0,
    "meanResTime" : 1669.0,
    "medianResTime" : 1573.0,
    "minResTime" : 1411.0,
    "maxResTime" : 2928.0,
    "pct1ResTime" : 1925.8,
    "pct2ResTime" : 2352.2,
    "pct3ResTime" : 2883.2,
    "throughput" : 0.42931367279537286,
    "receivedKBytesPerSec" : 2.5633441020921435,
    "sentKBytesPerSec" : 0.2293306435733095
  },
  "ffmpeg-0 (Split Audio/Video)" : {
    "transaction" : "ffmpeg-0 (Split Audio/Video)",
    "sampleCount" : 127,
    "errorCount" : 0,
    "errorPct" : 0.0,
    "meanResTime" : 1669.0,
    "medianResTime" : 1573.0,
    "minResTime" : 1411.0,
    "maxResTime" : 2928.0,
    "pct1ResTime" : 1925.8,
    "pct2ResTime" : 2352.2,
    "pct3ResTime" : 2883.2,
    "throughput" : 0.42931367279537286,
    "receivedKBytesPerSec" : 2.5633441020921435,
    "sentKBytesPerSec" : 0.2293306435733095
  }
}